SchoolID,SchoolName,SchoolCode,Email,Phone,PrincipalName,Address,BibRangeStart,BibRangeEnd
1106001,"SBV, B-Block, Nand Nagari (BP)",1106001,1106001hos@gmail.com,,,,6001,6025
1106002,"Dilshad Garden, Block C- SBV",1106002,1106002hos@gmail.com,,,,6026,6050
1106004,SBV Janta Flats Nand Nagri Delhi 93,1106004,1106004hos@gmail.com,,,,6051,6075
1106005,Mandoli-GBSSS,1106005,1106005hos@gmail.com,,,,6076,6100
1106006,"Shahdara, Mansarovar Park No.1-GBSSS",1106006,1106006hos@gmail.com,,,,6101,6125
1106009,SBV Seemapuri Delhi 95,1106009,1106009hos@gmail.com,,,,6126,6150
1106010,Ashok Nagar-GBSS,1106010,1106010hos@gmail.com,,,,6176,6200
1106011,New Seemapuri-GBSSS,1106011,1106011hos@gmail.com,,,,6201,6225
1106012,SBV J&K Block Dilshad Garden Delhi 95,1106012,1106012hos@gmail.com,,,,6226,6250
1106014,"Nand Nagri Extn. F-1,F-2-GBSSS",1106014,1106014hos@gmail.com,,,,6251,6275
1106018,New Seemapuri-SKV,1106018,1106018hos@gmail.com,,,,6276,6300
1106019,Mandoli-SKV,1106019,1106019hos@gmail.com,,,,6301,6325
1106021,Seemapuri-SKV (Vishwamitra),1106021,1106021hos@gmail.com,,,,6326,6350
1106022,Nand Nagri Block B-SKV (Raja Ravi Verma),1106022,1106022hos@gmail.com,,,,6351,6375
1106023,Dilshad Garden Block J&K-SKV (St. Eknath),1106023,1106023hos@gmail.com,,,,6376,6400
1106024,East of Loni Road DDA Flats-SKV,1106024,1106024hos@gmail.com,,,,6401,6425
1106025,Dilshad Garden Block C-SKV,1106025,1106025hos@gmail.com,,,,6426,6450
1106026,"Nand Nagri Extn. F-1,F-2-GGSSS",1106026,1106026hos@gmail.com,,,,6451,6475
1106112,Ashok Nagar-GGSS,1106112,1106112hos@gmail.com,,,,6476,6500
1106113,Nand Nagri Block E-SKV,1106113,1106113hos@gmail.com,,,,6501,6525
1106114,"CM Shri School, Mansarover Park, Shahdara",1106114,1106114hos@gmail.com,,,,6526,6550
1106116,Nand Nagri Block A-GGSSS,1106116,1106116hos@gmail.com,,,,6551,6575
1106117,Saboli-GGSSS,1106117,1106117hos@gmail.com,,,,6576,6600
1106118,East of Loni Road DDA Flats-GBSSS,1106118,1106118hos@gmail.com,,,,6601,6625
1106119,Nand Nagri Block A-GBSSS,1106119,1106119hos@gmail.com,,,,6626,6650
1106120,Saboli-GBSSS,1106120,1106120hos@gmail.com,,,,6651,6675
1106122,Old Seemapuri Block GH-GGSS,1106122,1106122hos@gmail.com,,,,6676,6700
1106123,Meet Nagar Block B-GGSS,1106123,1106123hos@gmail.com,,,,6701,6725
1106252,"CM Shri School D-Block, Nand Nagri",1106252,1106252hos@gmail.com,,,,6726,6750
1106256,Harsh Vihar GGSS,1106256,1106256hos@gmail.com,,,,6751,6775
1106258,Harsh Vihar GBSS,1106258,1106258hos@gmail.com,,,,6776,6800
1106259,Mandoli Extension-GGSSS,1106259,1106259hos@gmail.com,,,,6801,6825
1106261,"Meet Nagar B-Block Delhi-94, Govt. Boys Sec. School",1106261,1106261hos@gmail.com,,,,6826,6850
1106263,Old Seemapuri Block GH-GBSS,1106263,1106263hos@gmail.com,,,,6851,6875
1106264,GGSSS Sunder Nagri,1106264,1106264hos@gmail.com,,,,6876,6900
1106265,Mandoli Extension-GBSSS,1106265,1106265hos@gmail.com,,,,6901,6925
1106279,"GBSSS, Sunder Nagri",1106279,1106279hos@gmail.com,,,,6926,6950
1106281,"GGSSS, Old Seemapuri",1106281,1106281hos@gmail.com,,,,6951,6975
1106282,"SOSE, D-1, Nand Nagri",1106282,sose1106282@gmail.com,,,,6976,7000
1106290,"SKV, M-Block, Sunder Nagri",1106290,1106290hos@gmail.com,,,,7001,7025
1106291,"SBV, M-Block, Sunder Nagari",1106291,1106291hos@gmail.com,,,,12051,12076
1106289,"GSBV, E-Block, Nand Nagri",1106289,1106289hos@gmail.com,,,,12076,13000
1106288,"GGSSS, MS Park No.1",1106288,1106288hos@gmail.com,,,,13001,13025
1106287,"SBV, MS Park No.2",1106287,sbv1106287@gmail.com,,,,13026,13050
1106285,"SKV, Janta Flat, Nand Nagri",1106285,1106285hos@gmail.com,,,,13051,13075
1106286,"GBSS, Old Seemapuri",1106286,hos1106286@gmail.com,,,,13076,14000
1106143,"Moti Ram Govt. (Aided) GSSS, Dilshad Garden Delhi 95",1106143,1106143hos@gmail.com,,,,7026,7050
1106266,"Mukherjee Mem. Govt. (Aided) BSSS, Dilshad Garden Delhi 95",1106266,1106266hos@gmail.com,,,,7051,7075
1106144,Nehru Mem. Govt (Aided) Co-ed Middle School,1106144,1106144hos@gmail.com,,,,7076,8000
1105208,Greenfield Public Sr. Sec. School,1105208,1105208hos@gmail.com,,,,8001,8025
1105215,St. Lawrence Public Sr. Sec. School,1105215,1105215hos@gmail.com,,,,8026,8050
1105233,Punchsheel Public Middle School,1105233,pgpsramnagar@gmail.com,,,,8051,8075
1106182,Kala Niketan Sr. Sec. Bal Vidyalaya,1106182,1106182hos@gmail.com,,,,8076,9000
1106183,Sri Ram Bal Bharti Public Middle School,1106183,1106183hos@gmail.com,,,,9001,9025
1106184,Abhinav Public Middle School,1106184,1106184hos@gmail.com,,,,9026,9050
1106185,Bal Convent Public Middle School,1106185,balconventpublicschool@gmail.com,,,,9051,9075
1106186,Mt. Everest Public Middle School,1106186,1106186hos@gmail.com,,,,9076,9100
1106187,St. Andrews Public School,1106187,1106187hos@gmail.com,,,,9101,9125
1106188,Saraswati Public Sec. School,1106188,1106188hos@gmail.com,,,,9126,9150
1106189,G P Public Middle School,1106189,gppublicschool@yahoo.com,,,,9151,9175
1106190,Tarawati Public Middle School,1106190,1106190hos@gmail.com,,,,9176,9200
1106191,Nutan VM P Sr. Sec. School,1106191,nutanvidyamandirsr.sec.school@gmail.com,,,,9201,9225
1106192,Dilshad Public Sec. School,1106192,1106192hos@gmail.com,,,,9226,9250
1106193,Lumbani Marigold Public Middle School,1106193,lumbnemarigoldpublicschool@gmail.com,,,,9251,9275
1106194,Flora Dale Sr. Sec. Public School,1106194,reception.desk@floradale.org,,,,9276,9300
1106195,Hansraj Smarak Sr. Sec. School,1106195,1106195hos@gmail.com,,,,9301,9325
1106196,The Samarth School,1106196,1106196hos@gmail.com,,,,9326,9350
1106197,Dev Public Middle School,1106197,1106197hos@gmail.com,,,,9351,9375
1106198,Shashi Public Sr. Sec. School,1106198,1106198HOS@gmail.com,,,,9376,9400
1106200,Sant Krishna Bodh Middle Public School,1106200,1106200hos@gmail.com,,,,9401,9425
1106201,St Krishna Bodh Shiksha Sadan,1106201,1106201hos@gmail.com,,,,9426,9450
1106202,Fair Child Public Sec. School,1106202,1106202hos@gmail.com,,,,9451,9475
1106203,New Creations Public School,1106203,1106203hos@gmail.com,,,,9476,9500
1106204,Monarch Public Middle School,1106204,1106204mpsk@gmail.com,,,,9501,9525
1106205,Oxford Modern Public School,1106205,oxfordkt4u@gmail.com,,,,9526,9550
1106206,Mukta Bharti Public School,1106206,Vanil9212@gmail.com,,,,9551,9575
1106207,Shiv Memorial Public School,1106207,ch.piyushchoudhary@gmail.com,,,,9576,9600
1106208,City Convent Sec. School,1106208,1106208ccss@gmail.com,,,,9601,9625
1106209,KV Vidhya Mandir,1106209,1106209hos@gmail.com,,,,9626,9650
1106210,Sonia Public School,1106210,1106210hos@gmail.com,,,,9651,9675
1106211,MBM International Middle Public School,1106211,1106211hos@gmail.com,,,,9676,9700
1106212,Maharana Pratap Model Public School,1106212,mpes1988@gmail.com,,,,9701,9725
1106213,Deep Public School,1106213,deeppublicschool@gmail.com,,,,9726,9750
1106214,Arvind Public School,1106214,arvindpublicschool93@gmail.com,,,,9751,9775
1106215,Raja Model School,1106215,1106215hos@gmail.com,,,,9776,9800
1106216,Red Rose Public School,1106216,1106216rrps@gmail.com,,,,9801,9825
1106218,Prabhu Atma Prakash Public School,1106218,1106218hos@gmail.com,,,,9826,9850
1106219,Yoga Way Public School,1106219,1106219hos@gmail.com,,,,9851,9875
1106222,Greenway Modern Sr. Sec. School,1106222,1106222hos@gmail.com,,,,9876,9900
1106226,DAV Public School,1106226,davps_lr@rediffmail.com,,,,9901,9925
1106227,Priya Adarsh Public School,1106227,1106227hos@gmail.com,,,,9926,9950
1106228,Sri Saraswati Vihar Public School,1106228,1106228hos@gmail.com,,,,9951,9975
1106229,Montreal Public School,1106229,Kumaranil11912@gmail.com,,,,9976,10000
1106232,N L Public Sr. Sec. School,1106232,Shivkumar934@gmail.com,,,,10001,10025
1106234,St. Marks Sr. Sec Public School,1106234,stmarksinfo@gmail.com,,,,10026,10050
1106235,The Samarth School,1106235,1106235hos@gmail.com,,,,10051,10075
1106255,Hindon Public Sec. School,1106255,1106255hos@gmail.com,,,,10076,11000
1106257,Aman Public School,1106257,Priya.sharma92@gmail.com,,,,11001,11025
1106260,Har Govind Secondary Public School,1106260,hgpsdelhi81@gmail.com,,,,11026,11050
1106262,Arwachin International School Dilshad Garden,1106262,info_ais@arwachininternationalschool.com,,,,11051,11075
1106267,Indian Cambridge Public School,1106267,1106267hos@gmail.com,,,,11076,12000
1106268,Lucky Public School,1106268,luckypublicschoolhv@gmail.com,,,,12001,12025
1106269,Gyan Sarovar Public School,1106269,1106269hos@gmail.com,,,,12026,12050
1106280,Queen Global International School,1106280,gis.delhi@yahoo.com,,,,14001,14025
1106270,Samrat Prithviraj Chauhan Public School,1106270,sprc1106270@gmail.com,,,,14026,14050
1106271,R.B. Convent School,1106271,1106271hos@gmail.com,,,,14051,14075
1106272,Rajiv Public School,1106272,1106272hos@gmail.com,,,,14076,15000
1106273,Dharam Public School,1106273,dharampublicschool123@gmail.com,,,,15001,15025
1106274,Nandlal Modern Public School,1106274,1106274hos@gmail.com,,,,15026,15050
1106275,Ankur Convent Public School,1106275,ankurconventpublicschool199@gmail.com,,,,15051,15075
1106276,Bloomfield Public School,1106276,1106276hos@gmail.com,,,,15076,16000
1106278,B.D. Memorial Public School,1106278,1106278hos@gmail.com,,,,16001,16025
1106292,Mount Everest Public School,1106292,1106292hos@gmail.com,,,,16026,16050
1106294,Gyan Jyoti Modern Public School,1106294,1106294hos@gmail.com,,,,16051,16075
1106295,Deep Bharti Public School,1106295,1106295hos@gmail.com,,,,16076,16100
